[
    {
        "name" : "Bagpacks",
        "category" : "Male",
        "price" : "30.32",
        "imgSrc" : "images/products/61Ns-H-YLtL._AC_UL320_.jpg"
    },
    {
        "name" : "Boysuits",
        "category" : "Male",
        "price" : "400.12",
        "imgSrc" : "images/products/61qkbI3XPnL._AC_UL320_.jpg"
    },
    {
        "name" : "Boysunderware",
        "category" : "Male",
        "price" : "10.3",
        "imgSrc" : "images/products/71x5EK0MxEL._AC_UL320_.jpg"
    },
    {
        "name" : "Facecaps",
        "category" : "Male",
        "price" : "30.0",
        "imgSrc" : "images/products/81HDBOvQy9L._AC_UL320_.jpg"
    },
    {
        "name" : "Fitnessgear",
        "category" : "Male",
        "price" : "60.5",
        "imgSrc" : "images/products/61Eyx4qGuHL._AC_UL320_.jpg"
    },
    {
        "name" : "Gymtops",
        "category" : "Male",
        "price" : "30.54",
        "imgSrc" : "images/products/61dcl5WB9sS._MCnd_AC_UL320_.jpg"
    },
    {
        "name" : "Malejackets",
        "category" : "Male",
        "price" : "212.3",
        "imgSrc" : "images/products/81pQQdXjOlL._AC_UL320_.jpg"
    },
    {
        "name" : "Malepants",
        "category" : "Male",
        "price" : "130.12",
        "imgSrc" : "images/products/71mT0mMzhML._AC_UL320_.jpg"
    },
    {
        "name" : "Maleshoes",
        "category" : "Male",
        "price" : "250.23",
        "imgSrc" : "images/products/81Sny91Rc9L._AC_UL320_.jpg"
    },
    {
        "name" : "Socks",
        "category" : "Male",
        "price" : "10.3",
        "imgSrc" : "images/products/71cJr6a5nlL._AC_UL320_.jpg"
    },
    {
        "name" : "Watches",
        "category" : "Male",
        "price" : "2300.1",
        "imgSrc" : "images/products/51kyjYuOZhL._AC_UL320_.jpg"
    }
]