[
    {
        "name" : "4kmovies",
        "category" : "Tech",
        "price" : "120",
        "imgSrc" : "images/products/81pSGPm3qjL._AC_UY218_.jpg"
    },
    {
        "name" : "Electricbulbs",
        "category" : "Tech",
        "price" : "30.32",
        "imgSrc" : "images/products/51vNtGDUquL._AC_UL320_.jpg"
    },
    {
        "name" : "Electricgadgets",
        "category" : "Tech",
        "price" : "500",
        "imgSrc" : "images/products/DURM-24480C97FFA81710._V533746472_.jpg"
    },
    {
        "name" : "Fingerprintscanner",
        "category" : "Tech",
        "price" : "400",
        "imgSrc" : "images/products/61E2ZRuP26L._AC_UL320_.jpg"
    },
    {
        "name" : "Laptopaccessories",
        "category" : "Tech",
        "price" : "50",
        "imgSrc" : "images/products/71glxGyL2hL._AC_UL320_.jpg"
    },
    {
        "name" : "Mobilephones",
        "category" : "Tech",
        "price" : "1120",
        "imgSrc" : "images/products/61gVPTl5N3L._AC_UL320_.jpg"
    },
    {
        "name" : "Movies",
        "category" : "Tech",
        "price" : "60",
        "imgSrc" : "images/products/41FFnKEbL6L._AC_SX184_.jpg"
    },
    {
        "name" : "Portable Storage Device",
        "category" : "Tech",
        "price" : "450.32",
        "imgSrc" : "images/products/41+taRnMWIL._AC_UL320_.jpg"
    },
    {
        "name" : "Securitycameras",
        "category" : "Tech",
        "price" : "1500",
        "imgSrc" : "images/products/51eejJiZEzL._AC_UL320_.jpg"
    },
    {
        "name" : "Soundequipment",
        "category" : "Tech",
        "price" : "1800",
        "imgSrc" : "images/products/41WzHq0SkRL._AC_UL320_.jpg"
    }
]