[
    {
        "name" : "Lipwarmer",
        "category" : "Skincare",
        "price" : "200",
        "imgSrc" : "images/products/41c3BbalUWL._AC_UL320_.jpg"
    },
    {
        "name" : "Teethcleaner",
        "category" : "Skincare",
        "price" : "50",
        "imgSrc" : "images/products/51-meh6ZBzL._AC_UL320_.jpg"
    },
    {
        "name" : "Eyecleaner",
        "category" : "Skincare",
        "price" : "80.00",
        "imgSrc" : "images/products/51EbUDf9sSL._AC_UL320_.jpg"
    },
    {
        "name" : "HeatSkinMolder",
        "category" : "Skincare",
        "price" : "700",
        "imgSrc" : "images/products/51JzNb9WMdL._AC_UL320_.jpg"
    },
    {
        "name" : "Eyedrip",
        "category" : "Skincare",
        "price" : "290",
        "imgSrc" : "images/products/61-OYjfYBZL._AC_UL320_.jpg"
    },
    {
        "name" : "skinroller",
        "category" : "Skincare",
        "price" : "120",
        "imgSrc" : "images/products/61covWaReRL._AC_UL320_.jpg"
    },
    {
        "name" : "MassageKit",
        "category" : "Skincare",
        "price" : "300",
        "imgSrc" : "images/products/61LnYnQrZRL._AC_UL320_.jpg"
    },
    {
        "name" : "Skinbleachcream",
        "category" : "Skincare",
        "price" : "23.32",
        "imgSrc" : "images/products/71Hw7l4Ju5L._AC_UL320_.jpg"
    },
    {
        "name" : "Lipbalm",
        "category" : "Skincare",
        "price" : "30.21",
        "imgSrc" : "images/products/81G4WeG4wbL._AC_UL320_.jpg"
    },
    {
        "name" : "Lightblocker",
        "category" : "Skincare",
        "price" : "20.34",
        "imgSrc" : "images/products/814vtbkkSBS._AC_UL320_.jpg"
    }
]