[
    {
        "name" : "Makeup",
        "category" : "Female",
        "price" : "1.1",
        "imgSrc" :"images/products/41yU40IJecL._AC_UL320_.jpg"
    },
    {
        "name" : "Earring",
        "category" : "Female",
        "price" : "13.4",
        "imgSrc" :"images/products/51kL9JyNtNL._AC_UL320_.jpg"
    },
    {
        "name" : "Handbag",
        "category" : "Female",
        "price" : "23.5",
        "imgSrc" : "images/products/81g5UqUfzrLAC.jpg"
    },
    {
        "name" : "Footwear",
        "category" : "Female",
        "price" : "23.4",
        "imgSrc" :"images/products/61CD5CinWOL._AC_UL320_.jpg"
    }
    ]