[
    {
        "name" : "Tiregadge",
        "category" : "Carcare",
        "price" : "100",
        "imgSrc" : "images/products/71bY48eVGKL._AC_UL320_.jpg"
    },
    {
        "name" : "Minivacumer",
        "category" : "Carcare",
        "price" : "200",
        "imgSrc" : "images/products/71cszFLgMFL._AC_UL320_.jpg"
    },
    {
        "name" : "Leathercleaner",
        "category" : "Carcare",
        "price" : "120",
        "imgSrc" : "images/products71HaRZEaTVL._AC_UL320_.jpg"
    },
    {
        "name" : "Ticarvespondge",
        "category" : "Carcare",
        "price" : "40",
        "imgSrc" : "images/products/71Lp0g4R+kL._AC_UL320_.jpg"
    },
    {
        "name" : "PortableCarJumper",
        "category" : "Carcare",
        "price" : "320",
        "imgSrc" : "images/products/71Un4Exvv6L._AC_UL320_.jpg"
    },
    {
        "name" : "Windowcleaner",
        "category" : "Carcare",
        "price" : "60",
        "imgSrc" : "images/products/81IdwghaLOL._AC_UL320_.jpg"
    },
    {
        "name" : "ExtiriorLEDlights",
        "category" : "Carcare",
        "price" : "250",
        "imgSrc" : "images/products/81mZMcNO9DL._AC_UL320_.jpg"
    },
    {
        "name" : "IntiriorLEDlights",
        "category" : "Carcare",
        "price" : "350",
        "imgSrc" : "images/products/81ZgIFMMIcL._AC_UL320_.jpg"
    },
    {
        "name" : "WindDrier",
        "category" : "Carcare",
        "price" : "2230",
        "imgSrc" : "images/products/91XUfHy86+L._AC_UL320_.jpg"
    },
    {
        "name" : "ELectricBrush",
        "category" : "Carcare",
        "price" : "79.0",
        "imgSrc" : "images/products/815QlNTkH6L._AC_UL320_.jpg"
    },
    {
        "name" : "Glasswipes",
        "category" : "Carcare",
        "price" : "76.0",
        "imgSrc" : "images/products/819vWxtepxL._AC_UL320_.jpg"
    }
]