[
    {
        "name" : "NBA2k21",
        "category" : "Videogames",
        "price" : "40",
        "imgSrc" : "images/products/71dMcqvTh8L._AC_UY218_.jpg"
    },
    {
        "name" : "Spidermanmilesmorales",
        "category" : "Videogames",
        "price" : "47",
        "imgSrc" : "images/products/71dtn2ZMs7L._AC_UY218_.jpg"
    },
    {
        "name" : "CallofDutyBlackops",
        "category" : "Videogames",
        "price" : "40",
        "imgSrc" : "images/products/71LFJ-TmhrL._AC_UY218_.jpg"
    },
    {
        "name" : "MassEffect",
        "category" : "Videogames",
        "price" : "40",
        "imgSrc" : "images/products/71n9wAxG9AL._AC_UY218_.jpg"
    },
    {
        "name" : "GhostOfTunishima",
        "category" : "Videogames",
        "price" : "46",
        "imgSrc" : "images/products/81Bzm37TIaL._AC_UY218_.jpg"
    },
    {
        "name" : "TheLegendOfZelda",
        "category" : "Videogames",
        "price" : "40",
        "imgSrc" : "images/products/81KGsbq8ekL._AC_UY218_.jpg"
    },
    {
        "name" : "BatManOrigins",
        "category" : "Videogames",
        "price" : "40",
        "imgSrc" : "images/products/91ButQgoxmL._AC_UY218_.jpg"
    },
    {
        "name" : "monsterhunter",
        "category" : "Videogames",
        "price" : "49",
        "imgSrc" : "images/products/91dPb584D2S._AC_UY218_.jpg"
    },
    {
        "name" : "AceAttony",
        "category" : "Videogames",
        "price" : "30",
        "imgSrc" : "images/products/7161Lj9FRXS._AC_UY218_.jpg"
    },
    {
        "name" : "RedDeadRedemption",
        "category" : "Videogames",
        "price" : "45",
        "imgSrc" : "images/products/81k9pGfWGPL._AC_UY218_.jpg"
    }
]